"locality","OBJECTID","zoning","owner","address","acres","land_value","total_value","year_built","zone_name","zone_category"
"Danville",35,"OTR","CITY OF DANVILLE VIRGINIA","STEPHENS ST",0.25,2800,2800,NA,"Old Town Residential","Residential"
"Danville",49,"OTR","DANVILLE REDEVELOPMENT AND HOUSING AUTHORITY","ANN BYRD CT",0.25,500,500,0,"Old Town Residential","Residential"
"Danville",157,"HRC","CITY OF DANVILLE","GOODYEAR BLVD",0.25,3600,3600,1946,"Highway Retail Commercial","Commercial"
"Danville",328,"OTR","DANVILLE REDEVELOPMENT AND HOUSING AUTHORITY","PROSPECT ST",0.25,1700,1700,0,"Old Town Residential","Residential"
"Danville",332,"OTR","CITY OF DANVILLE","VALLEY ST",0.25,500,500,0,"Old Town Residential","Residential"
"Danville",351,"OTR","DANVILLE REDEVELOPMENT AND HOUSING AUTHORITY","BROAD ST",0.25,600,600,NA,"Old Town Residential","Residential"
"Danville",392,"OTR","CITY OF DANVILLE","WORSHAM ST",0.25,800,800,0,"Old Town Residential","Residential"
"Danville",396,"OTR","CITY OF DANVILLE","426 WORSHAM ST",0.25,1400,1400,0,"Old Town Residential","Residential"
"Danville",549,"OTR","VIRGINIA HOUSING PARTNERSHIP REVOLVING FUND","EAGLE SPRINGS RD",0.25,1500,1500,0,"Old Town Residential","Residential"
"Danville",111,"OTR","DANVILLE REDEVELOPMENT AND HOUSING AUTHORITY","ANN BYRD CT",0.26,500,500,0,"Old Town Residential","Residential"
"Danville",156,"OTR","DANVILLE REDEVELOPMENT AND HOUSING AUTHORITY","KNOLLWOOD ST",0.26,3100,3100,0,"Old Town Residential","Residential"
"Danville",200,"OTR","CITY OF DANVILLE VIRGINIA","LEE ST",0.26,1400,1400,NA,"Old Town Residential","Residential"
"Danville",322,"OTR","DANVILLE REDEVELOPMENT AND HOUSING AUTHORITY","GROVE ST",0.26,2800,2800,NA,"Old Town Residential","Residential"
"Danville",427,"HRC","CITY OF DANVILLE","MT CROSS RD",0.26,4400,4400,0,"Highway Retail Commercial","Commercial"
"Danville",22,"OTR","CITY OF DANVILLE AND PITTSYLVANIA COUNTY HABITAT FOR HUMANITY","BANNER ST",0.27,2300,2300,0,"Old Town Residential","Residential"
"Danville",155,"OTR","DANVILLE REDEVELOPMENT AND HOUSING AUTHORITY","DARBY RD",0.27,3100,3100,NA,"Old Town Residential","Residential"
"Danville",414,"OTR","CITY OF DANVILLE","HIGH ST",0.27,7200,7200,0,"Old Town Residential","Residential"
"Danville",424,"HRC","CITY OF DANVILLE","MT CROSS RD",0.27,4300,4300,0,"Highway Retail Commercial","Commercial"
"Danville",550,"OTR","VIRGINIA HOUSING PARTNERSHIP REVOLVING FUND","EAGLE SPRINGS RD",0.27,2500,2500,0,"Old Town Residential","Residential"
"Danville",27,"OTR","CITY OF DANVILLE AND PITTSYLVANIA COUNTY HABITAT FOR HUMANITY","BANNER ST",0.28,3100,3100,NA,"Old Town Residential","Residential"
"Danville",62,"OTR","CITY OF DANVILLE","BALTIMORE AVE",0.28,5700,5700,0,"Old Town Residential","Residential"
"Danville",150,"OTR","CITY OF DANVILLE","DARBY RD",0.28,300,300,NA,"Old Town Residential","Residential"
"Danville",522,"OTR","DANVILLE REDEVELOPMENT AND HOUSING AUTHORITY","JEFFERSON AVE",0.28,3100,3100,NA,"Old Town Residential","Residential"
"Danville",542,"TWC","INDUSTRIAL DEVELOPMENT AUTHORITY OF DANVILLE VIRGINIA","531 LYNN ST",0.28,12400,12400,0,"Tobacco Warehouse Commercial","Commercial"
"Danville",285,"OTR","DANVILLE REDEVELOPMENT AND HOUSING AUTHORITY","SHELTON ST",0.29,1900,1900,NA,"Old Town Residential","Residential"
"Danville",417,"HRC","DANVILLE REDEVELOPMENT AND HOUSING AUTHORITY","PLEASANT VIEW AVE",0.29,300,300,NA,"Highway Retail Commercial","Commercial"
"Danville",425,"HRC","CITY OF DANVILLE","MT CROSS RD",0.29,4700,4700,0,"Highway Retail Commercial","Commercial"
"Danville",24,"OTR","CITY OF DANVILLE AND PITTSYLVANIA COUNTY HABITAT FOR HUMANITY","BANNER ST",0.3,2400,2400,0,"Old Town Residential","Residential"
"Danville",70,"OTR","DANVILLE REDEVELOPMENT AND HOUSING AUTHORITY","ANN BYRD CT",0.3,500,500,0,"Old Town Residential","Residential"
"Danville",135,"OTR","CITY OF DANVILLE & PITTSYLVANIA COUNTY HABITAT FOR HUMANITY","LINCOLN ST",0.3,500,500,0,"Old Town Residential","Residential"
"Danville",161,"OTR","DANVILLE REDEVELOPMENT AND HOUSING AUTHORITY","KNOLLWOOD ST",0.3,2100,2100,0,"Old Town Residential","Residential"
"Danville",416,"CBC","CITY OF DANVILLE","HIGH ST",0.3,21400,21400,0,"Central Business Commercial","Commercial"
"Danville",469,"TOC","DANVILLE REDEVELOPMENT AND HOUSING AUTHORITY","N MAIN ST",0.3,2600,2600,1920,"Transitional Office","Office/Commercial"
"Danville",535,"OTR","DANVILLE REDEVELOPMENT AND HOUSING AUTHORITY","677 COLQUHOUN ST",0.3,2600,2600,NA,"Old Town Residential","Residential"
"Danville",441,"TWC","INDUSTRIAL DEVELOPMENT AUTHORITY OF DANVILLE VIRGINIA","MEMORIAL DR",0.31,18900,18900,NA,"Tobacco Warehouse Commercial","Commercial"
"Danville",3,"OTR","CITY OF DANVILLE","PUMPKIN CREEK LN",0.32,200,200,NA,"Old Town Residential","Residential"
"Danville",168,"OTR","CITY OF DANVILLE VIRGINIA","LEE ST",0.32,1600,1600,NA,"Old Town Residential","Residential"
"Danville",405,"OTR","CITY OF DANVILLE AND PITTSYLVANIA COUNTY HABITAT FOR HUMANITY","MARTIN AVE",0.32,6700,6700,NA,"Old Town Residential","Residential"
"Danville",421,"CBC","CITY OF DANVILLE VIRGINIA","MAIN ST",0.32,36900,36900,NA,"Central Business Commercial","Commercial"
"Danville",430,"TOC","CITY OF DANVILLE","CENTRAL BLVD",0.32,4800,4800,0,"Transitional Office","Office/Commercial"
"Danville",435,"CBC","CITY OF DANVILLE","SPRING ST",0.32,20200,20200,0,"Central Business Commercial","Commercial"
"Danville",543,"OTR","DANVILLE REDEVELOPMENT AND HOUSING AUTHORITY","CABELL ST",0.33,2700,2700,NA,"Old Town Residential","Residential"
"Danville",76,"OTR","DANVILLE REDEVELOPMENT AND HOUSING AUTHORITY","LINCOLN ST",0.34,1500,1500,0,"Old Town Residential","Residential"
"Danville",100,"OTR","DANVILLE REDEVELOPMENT AND HOUSING AUTHORITY","SEELAND RD",0.34,2300,2300,0,"Old Town Residential","Residential"
"Danville",411,"OTR","CITY OF DANVILLE","WATER ST",0.35,1800,1800,0,"Old Town Residential","Residential"
"Danville",40,"SR","CITY OF DANVILLE VIRGINIA","CARLSON AVE",0.36,2400,2400,0,"Sandy River Residential","Residential"
"Danville",40,"SR","CITY OF DANVILLE VIRGINIA","CARLSON AVE",0.36,2400,2400,0,"Suburban Residential","Residential"
"Danville",17,"OTR","INDUSTRIAL DEVELOPMENT AUTHORITY OF DANVILLE VIRGINIA","GAITHER RD",0.37,300,300,NA,"Old Town Residential","Residential"
"Danville",26,"OTR","CITY OF DANVILLE AND PITTSYLVANIA COUNTY HABITAT FOR HUMANITY","BANNER ST",0.37,4200,4200,NA,"Old Town Residential","Residential"
"Danville",92,"MR","DANVILLE REDEVELOPMENT AND HOUSING AUTHORITY","SEELAND RD",0.38,1500,1500,1960,"Multi-family Residential","Residential"
"Danville",129,"OTR","DANVILLE REDEVELOPMENT AND HOUSING AUTHORITY","DARBY RD",0.38,3500,3500,0,"Old Town Residential","Residential"
"Danville",434,"TOC","CITY OF DANVILLE","RANDOLPH ST",0.38,6000,6000,NA,"Transitional Office","Office/Commercial"
"Danville",476,"OTR","DANVILLE REDEVELOPMENT AND HOUSING AUTHORITY","CAMPBELL ST",0.38,1900,1900,NA,"Old Town Residential","Residential"
"Danville",539,"IM","INDUSTRIAL DEVELOPMENT AUTHORITY OF DANVILLE VIRGINIA","CELOTEX DR",0.38,200,200,NA,NA,NA
"Danville",244,"OTR","DANVILLE REDEVELOPMENT AND HOUSING AUTHORITY","CREWS ALY",0.39,600,600,NA,"Old Town Residential","Residential"
"Danville",386,"OTR","CITY OF DANVILLE","WORSHAM ST",0.39,1100,1100,0,"Old Town Residential","Residential"
"Danville",536,"OTR","DANVILLE REDEVELOPMENT AND HOUSING AUTHORITY","COLQUHOUN ST",0.39,2500,2500,NA,"Old Town Residential","Residential"
"Danville",93,"MR","DANVILLE REDEVELOPMENT AND HOUSING AUTHORITY","SEELAND RD",0.4,1500,1500,0,"Multi-family Residential","Residential"
"Danville",341,"TWC","INDUSTRIAL DEVELOPMENT AUTHORITY OF DANVILLE VIRGINIA","COLQUHOUN ST",0.4,12800,12800,1900,"Tobacco Warehouse Commercial","Commercial"
"Danville",479,"OTR","CITY OF DANVILLE","SUNSET PL",0.4,500,500,0,"Old Town Residential","Residential"
"Danville",88,"HRC","INDUSTRIAL DEVELOPMENT AUTHORITY OF DANVILLE VIRGINIA","W MAIN ST",0.41,30000,30000,1968,"Highway Retail Commercial","Commercial"
"Danville",94,"MR","DANVILLE REDEVELOPMENT AND HOUSING AUTHORITY","SEELAND RD",0.41,1500,1500,0,"Multi-family Residential","Residential"
"Danville",95,"MR","DANVILLE REDEVELOPMENT AND HOUSING AUTHORITY","SEELAND RD",0.41,1500,1500,0,"Multi-family Residential","Residential"
"Danville",388,"CBC","CITY OF DANVILLE","N MAIN ST",0.41,17000,17000,0,"Central Business Commercial","Commercial"
"Danville",96,"MR","DANVILLE REDEVELOPMENT AND HOUSING AUTHORITY","SEELAND RD",0.42,1500,1500,0,"Multi-family Residential","Residential"
"Danville",515,"NTR","DANVILLE REDEVELOPMENT AND HOUSING AUTHORITY","526 LEE ST",0.42,5700,5700,NA,"Neo-Traditional Residential","Residential"
"Danville",1,"OTR","CITY OF DANVILLE","COLLEGE PARK DR",0.45,3000,3000,0,"Old Town Residential","Residential"
"Danville",152,"OTR","DANVILLE REDEVELOPMENT AND HOUSING AUTHORITY","SEELAND RD",0.45,500,500,0,"Old Town Residential","Residential"
"Danville",216,"OTR","DANVILLE REDEVELOPMENT AND HOUSING AUTHORITY","FRANKLIN ST",0.45,2600,2600,NA,"Old Town Residential","Residential"
"Danville",276,"OTR","DANVILLE REDEVELOPMENT AND HOUSING AUTHORITY","FRANKLIN ST",0.45,2800,2800,NA,"Old Town Residential","Residential"
"Danville",44,"OTR","DANVILLE REDEVELOPMENT AND HOUSING AUTHORITY","NEW HOPE WAY",0.47,2600,2600,0,"Old Town Residential","Residential"
"Danville",132,"OTR","DANVILLE REDEVELOPMENT AND HOUSING AUTHORITY","SEAY ST",0.47,200,200,0,"Old Town Residential","Residential"
"Danville",305,"CBC","CITY OF DANVILLE","NEWTON ST",0.47,16900,16900,0,"Central Business Commercial","Commercial"
"Danville",534,"OTR","DANVILLE REDEVELOPMENT AND HOUSING AUTHORITY","657 COLQUHOUN ST",0.47,1800,1800,1920,"Old Town Residential","Residential"
"Danville",4,"OTR","DANVILLE REDEVELOPMENT AND HOUSING AUTHORITY","PUMPKIN CREEK LN",0.49,200,200,NA,"Old Town Residential","Residential"
"Danville",148,"OTR","DANVILLE REDEVELOPMENT AND HOUSING AUTHORITY","LINCOLN ST",0.51,1500,1500,0,"Old Town Residential","Residential"
"Danville",426,"CBC","INDUSTRIAL DEVELOPMENT AUTHORITY OF DANVILLE VIRGINIA","MAIN ST",0.51,66200,66200,1960,"Central Business Commercial","Commercial"
"Danville",496,"OTR","COMMONWEALTH OF VIRGINIA","IDA ST",0.51,500,500,0,"Old Town Residential","Residential"
"Danville",384,"OTR","CITY OF DANVILLE","N MAIN ST",0.52,9200,9200,NA,"Old Town Residential","Residential"
"Danville",401,"OTR","CITY OF DANVILLE AND PITTSYLVANIA COUNTY HABITAT FOR HUMANITY","MARTIN AVE",0.52,9900,9900,NA,"Old Town Residential","Residential"
"Danville",413,"OTR","CITY OF DANVILLE","WATER ST",0.53,4600,4600,0,"Old Town Residential","Residential"
"Danville",461,"OTR","CITY OF DANVILLE","HENRY ST",0.53,2500,2500,NA,"Old Town Residential","Residential"
"Danville",33,"SR","CITY OF DANVILLE VIRGINIA","MORRIS AVE",0.54,3700,3700,0,"Sandy River Residential","Residential"
"Danville",33,"SR","CITY OF DANVILLE VIRGINIA","MORRIS AVE",0.54,3700,3700,0,"Suburban Residential","Residential"
"Danville",105,"OTR","DANVILLE REDEVELOPMENT AND HOUSING AUTHORITY","SEELAND RD",0.56,600,600,0,"Old Town Residential","Residential"
"Danville",21,"OTR","INDUSTRIAL DEVELOPMENT AUTHORITY OF DANVILLE VIRGINIA","GAITHER RD",0.57,500,500,NA,"Old Town Residential","Residential"
"Danville",432,"TWC","INDUSTRIAL DEVELOPMENT AUTHORITY OF DANVILLE VIRGINIA","MEMORIAL DR",0.58,37400,37400,NA,"Tobacco Warehouse Commercial","Commercial"
"Danville",283,"OTR","DANVILLE REDEVELOPMENT AND HOUSING AUTHORITY","BROAD ST",0.59,500,500,NA,"Old Town Residential","Residential"
"Danville",236,"LEDI","CITY OF DANVILLE","CRAGHEAD ST",0.6,100,100,NA,"Light Economic Development","Industrial"
"Danville",153,"LEDI","INDUSTRIAL DEVELOPMENT AUTHORITY OF DANVILLE VIRGINIA","STINSON DR",0.61,1500,1500,0,"Light Economic Development","Industrial"
"Danville",158,"SR","CITY OF DANVILLE","MEMORIAL DR",0.63,6600,6600,0,"Sandy River Residential","Residential"
"Danville",158,"SR","CITY OF DANVILLE","MEMORIAL DR",0.63,6600,6600,0,"Suburban Residential","Residential"
"Danville",138,"OTR","DANVILLE REDEVELOPMENT AND HOUSING AUTHORITY","SHERIDAN PL",0.65,800,800,0,"Old Town Residential","Residential"
"Danville",533,"OTR","DANVILLE REDEVELOPMENT AND HOUSING AUTHORITY","COLQUHOUN ST",0.65,2700,2700,NA,"Old Town Residential","Residential"
"Danville",383,"OTR","CITY OF DANVILLE","RIVER ST",0.68,1800,1800,0,"Old Town Residential","Residential"
"Danville",544,"TWC","INDUSTRIAL DEVELOPMENT AUTHORITY OF DANVILLE VIRGINIA","FITZGERALD ST",0.68,10000,10000,1963,"Tobacco Warehouse Commercial","Commercial"
"Danville",239,"LEDI","CITY OF DANVILLE","CRAGHEAD ST",0.7,500,500,NA,"Light Economic Development","Industrial"
"Danville",406,"OTR","CITY OF DANVILLE","N MAIN ST",0.7,14700,14700,0,"Old Town Residential","Residential"
"Danville",485,"LEDI","CITY OF DANVILLE","646 EAGLE SPRINGS RD",0.72,6700,6700,0,"Light Economic Development","Industrial"
"Danville",19,"SR","CITY OF DANVILLE VIRGINIA","OAK CREEK DR",0.75,7200,7200,NA,"Sandy River Residential","Residential"
"Danville",19,"SR","CITY OF DANVILLE VIRGINIA","OAK CREEK DR",0.75,7200,7200,NA,"Suburban Residential","Residential"
"Danville",5,"TOC","INDUSTRIAL DEVELOPMENT AUTHORITY OF DANVILLE VIRGINIA","LOCKETT DR",0.83,500,500,NA,"Transitional Office","Office/Commercial"
"Danville",471,"OTR","CITY OF DANVILLE","RICHARDSON ST",0.89,1000,1000,0,"Old Town Residential","Residential"
"Danville",42,"OTR","CITY OF DANVILLE","HOLLAND RD",0.91,2300,2300,NA,"Old Town Residential","Residential"
"Danville",91,"OTR","DANVILLE REDEVELOPMENT AND HOUSING AUTHORITY","SEELAND RD",0.91,5200,5200,0,"Old Town Residential","Residential"
"Danville",532,"OTR","DANVILLE REDEVELOPMENT AND HOUSING AUTHORITY","GROVE ST",0.91,10000,10000,NA,"Old Town Residential","Residential"
"Danville",385,"TWC","INDUSTRIAL DEVELOPMENT AUTHORITY OF DANVILLE VIRGINIA","MEMORIAL DR",0.92,36800,36800,NA,"Tobacco Warehouse Commercial","Commercial"
"Danville",512,"OTR","CITY OF DANVILLE","N MAIN ST",0.95,5700,5700,0,"Old Town Residential","Residential"
"Danville",34,"OTR","CITY OF DANVILLE (PART OLD LAND FILL)","DANVILLE EXPY",0.98,800,800,NA,"Old Town Residential","Residential"
"Danville",130,"OTR","DANVILLE REDEVELOPMENT AND HOUSING AUTHORITY","DARBY RD",1.04,3800,3800,0,"Old Town Residential","Residential"
"Danville",25,"TOC","CITY OF DANVILLE","TAYLOR DR",1.11,11300,11300,0,"Transitional Office","Office/Commercial"
"Danville",48,"OTR","CITY OF DANVILLE","440 HUGHES ST",1.13,5500,5500,0,"Old Town Residential","Residential"
"Danville",518,"LEDI","CITY OF DANVILLE VIRGINIA","AIRPORT DR",1.15,17500,17500,NA,"Light Economic Development","Industrial"
"Danville",403,"CBC","CITY OF DANVILLE","N MAIN ST",1.17,57600,57600,0,"Central Business Commercial","Commercial"
"Danville",313,"LEDI","CITY OF DANVILLE","CRAGHEAD ST",1.18,1000,1000,0,"Light Economic Development","Industrial"
"Danville",507,"OTR","CITY OF DANVILLE","SPRINGFIELD RD",1.18,6000,6000,0,"Old Town Residential","Residential"
"Danville",163,"OTR","CITY OF DANVILLE","LEE ST",1.29,18500,18500,NA,"Old Town Residential","Residential"
"Danville",516,"AR","CITY OF DANVILLE","HENDERSON DR",1.31,1500,1500,NA,"Attached Residential","Residential"
"Danville",521,"OTR","DANVILLE REDEVELOPMENT AND HOUSING AUTHORITY","PINE ST",1.34,3500,3500,NA,"Old Town Residential","Residential"
"Danville",454,"LEDI","CITY OF DANVILLE VIRGINIA","EAGLE SPRINGS RD",1.35,500,500,NA,"Light Economic Development","Industrial"
"Danville",225,"LEDI","CITY OF DANVILLE","CRAGHEAD ST",1.36,1000,1000,NA,"Light Economic Development","Industrial"
"Danville",274,"HRC","CITY OF DANVILLE","SOUTH BOSTON RD",1.46,186300,186300,1993,"Highway Retail Commercial","Commercial"
"Danville",335,"LEDI","CITY OF DANVILLE VIRGINIA","CRAGHEAD ST",1.49,500,500,NA,"Light Economic Development","Industrial"
"Danville",363,"HRC","CITY OF DANVILLE","SOUTH BOSTON RD",1.55,30000,30000,NA,"Highway Retail Commercial","Commercial"
"Danville",510,"HRC","CITY OF DANVILLE","MAPLEWOOD ST",1.55,20000,20000,0,"Highway Retail Commercial","Commercial"
"Danville",15,"TR","INDUSTRIAL DEVELOPMENT AUTHORITY OF DANVILLE VIRGINIA","GAITHER RD",1.59,3500,3500,NA,"Threshold Residential","Residential"
"Danville",75,"OTR","CITY OF DANVILLE VIRGINIA","LINCOLN ST",1.63,100,100,0,"Old Town Residential","Residential"
"Danville",41,"SR","CITY OF DANVILLE VIRGINIA","DULA ST",1.64,7200,7200,0,"Sandy River Residential","Residential"
"Danville",41,"SR","CITY OF DANVILLE VIRGINIA","DULA ST",1.64,7200,7200,0,"Suburban Residential","Residential"
"Danville",192,"LEDI","INDUSTRIAL DEVELOPMENT AUTHORITY OF DANVILLE VIRGINIA","CANE CREEK BLVD",1.65,16400,16400,0,"Light Economic Development","Industrial"
"Danville",315,"AR","CITY OF DANVILLE","HENDERSON DR",1.72,2500,2500,0,"Attached Residential","Residential"
"Danville",538,"SR","CITY OF DANVILLE","VICAR RD",1.72,6700,6700,0,"Sandy River Residential","Residential"
"Danville",538,"SR","CITY OF DANVILLE","VICAR RD",1.72,6700,6700,0,"Suburban Residential","Residential"
"Danville",28,"TR","CITY OF DANVILLE","KEMPER RD",1.73,2200,2200,NA,"Threshold Residential","Residential"
"Danville",262,"HRC","CITY OF DANVILLE","SOUTH BOSTON RD",1.82,258200,258200,0,"Highway Retail Commercial","Commercial"
"Danville",475,"OTR","CITY OF DANVILLE","415 CAMPBELL ST",1.84,4000,4000,0,"Old Town Residential","Residential"
"Danville",29,"TR","CITY OF DANVILLE","PUMPKIN CREEK LN",2.03,55000,55000,0,"Threshold Residential","Residential"
"Danville",83,"SR","CITY OF DANVILLE VIRGINIA","BRIARCLIFF LN",2.03,20300,20300,NA,"Sandy River Residential","Residential"
"Danville",83,"SR","CITY OF DANVILLE VIRGINIA","BRIARCLIFF LN",2.03,20300,20300,NA,"Suburban Residential","Residential"
"Danville",324,"CP1","CITY OF DANVILLE VIRGINIA","SOUTH BOSTON RD",2.09,49100,49100,NA,"Cyber Park One","Industrial"
"Danville",30,"TR","CITY OF DANVILLE","925 GREENWOOD AVE",2.19,6200,6200,0,"Threshold Residential","Residential"
"Danville",537,"SR","CITY OF DANVILLE","SEMINOLE TRL",2.32,18600,18600,0,"Sandy River Residential","Residential"
"Danville",537,"SR","CITY OF DANVILLE","SEMINOLE TRL",2.32,18600,18600,0,"Suburban Residential","Residential"
"Danville",6,"HRC","INDUSTRIAL DEVELOPMENT AUTHORITY OF DANVILLE VIRGINIA","W MAIN ST",2.35,65000,65000,NA,"Highway Retail Commercial","Commercial"
"Danville",509,"OTR","CITY OF DANVILLE","HARAWAY RD",2.35,23600,23600,0,"Old Town Residential","Residential"
"Danville",350,"HRC","CITY OF DANVILLE","SOUTH BOSTON RD",2.55,165400,165400,0,"Highway Retail Commercial","Commercial"
"Danville",101,"OTR","CITY OF DANVILLE VIRGINIA","LANIER AVE",2.63,1300,1300,NA,"Old Town Residential","Residential"
"Danville",243,"HRC","CITY OF DANVILLE","SOUTH BOSTON RD",2.68,60400,60400,0,"Highway Retail Commercial","Commercial"
"Danville",82,"OTR","CITY OF DANVILLE","BALTIMORE AVE",2.71,7000,7000,0,"Old Town Residential","Residential"
"Danville",63,"OTR","DANVILLE REDEVELOPMENT AND HOUSING AUTHORITY","NEW HOPE WAY",2.88,4200,4200,0,"Old Town Residential","Residential"
"Danville",331,"HRC","CITY OF DANVILLE","RIVER ST",2.98,64800,64800,0,"Highway Retail Commercial","Commercial"
"Danville",139,"LEDI","INDUSTRIAL DEVELOPMENT AUTHORITY OF DANVILLE VIRGINIA","AIRSIDE DR",3.03,22700,22700,0,"Light Economic Development","Industrial"
"Danville",220,"HRC","CITY OF DANVILLE","SOUTH BOSTON RD",3.3,86200,86200,0,"Highway Retail Commercial","Commercial"
"Danville",36,"OTR","CITY OF DANVILLE","SCHOOLFIELD DR",3.38,15400,15400,0,"Old Town Residential","Residential"
"Danville",86,"MR","INDUSTRIAL DEVELOPMENT AUTHORITY OF DANVILLE VIRGINIA","LANIER AVE",3.44,25500,25500,NA,"Multi-family Residential","Residential"
"Danville",248,"CP1","DANVILLE PITTSYLVANIA REGIONAL INDUSTRIAL FACILITY AUTHORITY","SOUTH BOSTON RD",3.45,1700,1700,0,"Cyber Park One","Industrial"
"Danville",7,"TR","INDUSTRIAL DEVELOPMENT AUTHORITY OF DANVILLE VIRGINIA","GAITHER RD",3.61,2200,2200,NA,"Threshold Residential","Residential"
"Danville",541,"TWC","CITY OF DANVILLE VIRGINIA","100 MEMORIAL DR",3.76,176000,176000,NA,"Tobacco Warehouse Commercial","Commercial"
"Danville",404,"OTR","CITY OF DANVILLE","ROSEMARY LN",3.8,13400,13400,0,"Old Town Residential","Residential"
"Danville",147,"CP1","DANVILLE PITTSYLVANIA REGIONAL INDUSTRIAL FACILITY AUTHORITY","STINSON DR",3.91,1900,1900,NA,"Cyber Park One","Industrial"
"Danville",526,"NTR","HABITAT VILLAGE NORTH","SPRINGFIELD RD",4.14,27000,27000,NA,"Neo-Traditional Residential","Residential"
"Danville",402,"OTR","CITY OF DANVILLE","615 MEMORIAL DR",4.15,15000,15000,0,"Old Town Residential","Residential"
"Danville",473,"OTR","CITY OF DANVILLE","ROSEMARY LN",4.59,6700,6700,0,"Old Town Residential","Residential"
"Danville",278,"OTR","CITY OF DANVILLE","MEMORIAL DR",4.6,5000,5000,0,"Old Town Residential","Residential"
"Danville",420,"IM","DANVILLE PITTSYLVANIA REGIONAL INDUSTRIAL FACILITY AUTHORITY","HALIFAX RD",5.15,12800,12800,0,NA,NA
"Danville",140,"LEDI","INDUSTRIAL DEVELOPMENT AUTHORITY OF DANVILLE VIRGINIA","STINSON DR",5.35,39600,39600,NA,"Light Economic Development","Industrial"
"Danville",32,"SR","CITY OF DANVILLE","LONDON BRIDGE DR",5.4,5300,5300,0,"Sandy River Residential","Residential"
"Danville",32,"SR","CITY OF DANVILLE","LONDON BRIDGE DR",5.4,5300,5300,0,"Suburban Residential","Residential"
"Danville",144,"CP1","DANVILLE PITTSYLVANIA REGIONAL INDUSTRIAL FACILITY AUTHORITY","SLAYTON AVE",5.45,34200,34200,0,"Cyber Park One","Industrial"
"Danville",10,"TR","INDUSTRIAL DEVELOPMENT AUTHORITY OF DANVILLE VIRGINIA","GAITHER RD",5.77,8700,8700,NA,"Threshold Residential","Residential"
"Danville",127,"LEDI","CITY OF DANVILLE","RIVER PARK DR",6.26,16200,16200,0,"Light Economic Development","Industrial"
"Danville",39,"IM","DANVILLE PITTSYLVANIA REGIONAL INDUSTRIAL FACILITY AUTHORITY","NORTHSIDE DR",6.27,15700,15700,0,NA,NA
"Danville",378,"TWC","CITY OF DANVILLE","CRAGHEAD ST",6.28,94200,94200,0,"Tobacco Warehouse Commercial","Commercial"
"Danville",337,"HRC","CITY OF DANVILLE","SOUTH BOSTON RD",6.38,358400,358400,0,"Highway Retail Commercial","Commercial"
"Danville",531,"TWC","INDUSTRIAL DEVELOPMENT AUTHORITY OF DANVILLE VIRGINIA","MEMORIAL DR",6.71,316500,316500,NA,"Tobacco Warehouse Commercial","Commercial"
"Danville",12,"IM","INDUSTRIAL DEVELOPMENT AUTHORITY OF DANVILLE VIRGINIA & HIGHFILL ROGER","GYPSUM RD",7.04,3600,3600,NA,NA,NA
"Danville",439,"PSC","CITY OF DANVILLE VIRGINIA","RIVERSIDE DR",7.07,303000,303000,NA,"Planned Shopping Center Commercial","Commercial"
"Danville",2,"TOC","CITY OF DANVILLE","TAYLOR DR",7.21,72000,72000,NA,"Transitional Office","Office/Commercial"
"Danville",11,"SR","INDUSTRIAL DEVELOPMENT AUTHORITY OF DANVILLE VIRGINIA","CREEKSIDE DR",7.3,7400,7400,NA,"Sandy River Residential","Residential"
"Danville",11,"SR","INDUSTRIAL DEVELOPMENT AUTHORITY OF DANVILLE VIRGINIA","CREEKSIDE DR",7.3,7400,7400,NA,"Suburban Residential","Residential"
"Danville",38,"SR","CITY OF DANVILLE","DANVILLE EXPY",7.57,6200,6200,0,"Sandy River Residential","Residential"
"Danville",38,"SR","CITY OF DANVILLE","DANVILLE EXPY",7.57,6200,6200,0,"Suburban Residential","Residential"
"Danville",37,"OTR","CITY OF DANVILLE","SCHOOLFIELD DR",9.69999999999999,14600,14600,0,"Old Town Residential","Residential"
"Danville",487,"OTR","CITY OF DANVILLE","LOCUST LN",9.86999999999999,10100,10100,0,"Old Town Residential","Residential"
"Danville",209,"CP1","DANVILLE PITTSYLVANIA REGIONAL INDUSTRIAL FACILITY AUTHORITY","120 SLAYTON AVE",10.17,162800,162800,NA,"Cyber Park One","Industrial"
"Danville",20,"LEDI","INDUSTRIAL DEVELOPMENT AUTHORITY OF DANVILLE VIRGINIA","COLLEGE PARK DR",10.64,36200,36200,NA,"Light Economic Development","Industrial"
"Danville",395,"TR","CITY OF DANVILLE AND PITTSYLVANIA COUNTY HABITAT FOR HUMANITY","EVANS LN",10.91,11600,11600,0,"Threshold Residential","Residential"
"Danville",16,"TR","INDUSTRIAL DEVELOPMENT AUTHORITY OF DANVILLE VIRGINIA","GAITHER RD",11.31,9300,9300,NA,"Threshold Residential","Residential"
"Danville",444,"TR","CITY OF DANVILLE VIRGINIA","EAGLE SPRINGS RD",11.44,4800,4800,NA,"Threshold Residential","Residential"
"Danville",467,"LEDI","CITY OF DANVILLE VIRGINIA","EAGLE SPRINGS RD",13.0399999999999,5300,5300,NA,"Light Economic Development","Industrial"
"Danville",193,"LEDI","CITY OF DANVILLE","MONUMENT ST",13.6099999999999,51300,51300,1949,"Light Economic Development","Industrial"
"Danville",47,"LEDI","CITY OF DANVILLE VIRGINIA","NORTHSIDE DR",13.73,31100,31100,NA,"Light Economic Development","Industrial"
"Danville",31,"SR","CITY OF DANVILLE","DANVILLE EXPY",14.5299999999999,4300,4300,0,"Sandy River Residential","Residential"
"Danville",31,"SR","CITY OF DANVILLE","DANVILLE EXPY",14.5299999999999,4300,4300,0,"Suburban Residential","Residential"
"Danville",114,"TOC","INDUSTRIAL DEVELOPMENT AUTHORITY OF DANVILLE VIRGINIA","BISHOP RD",14.92,297900,297900,NA,"Transitional Office","Office/Commercial"
"Danville",64,"LEDI","INDUSTRIAL DEVELOPMENT AUTHORITY OF DANVILLE VIRGINIA","STINSON DR",15,1e+05,1e+05,NA,"Light Economic Development","Industrial"
"Danville",169,"CP1","DANVILLE PITTSYLVANIA REGIONAL INDUSTRIAL FACILITY AUTHORITY","STINSON DR",15.07,7500,7500,0,"Cyber Park One","Industrial"
"Danville",317,"TOC","CITY OF DANVILLE","400 ROBERTSON AVE",15.42,100,100,NA,"Transitional Office","Office/Commercial"
"Danville",134,"TR","CITY OF DANVILLE","MOUNTAIN HILL RD",16.3999999999999,12300,12300,NA,"Threshold Residential","Residential"
"Danville",478,"LEDI","CITY OF DANVILLE VIRGINIA","EAGLE SPRINGS RD",16.5399999999999,6800,6800,NA,"Light Economic Development","Industrial"
"Danville",346,"IM","DANVILLE PITTSYLVANIA REGIONAL INDUSTRIAL FACILITY AUTHORITY","HALIFAX RD",16.8,42700,42700,NA,NA,NA
"Danville",9,"TR","INDUSTRIAL DEVELOPMENT AUTHORITY OF DANVILLE VIRGINIA","851 GAITHER RD",18.0399999999999,11200,11200,NA,"Threshold Residential","Residential"
"Danville",145,"LEDI","INDUSTRIAL DEVELOPMENT AUTHORITY OF DANVILLE VIRGINIA","CANE CREEK BLVD",18.34,155600,155600,NA,"Light Economic Development","Industrial"
"Danville",520,"CP1","DANVILLE PITTSYLVANIA REGIONAL INDUSTRIAL FACILITY AUTHORITY","211 SLAYTON AVE",19.1099999999999,172800,172800,NA,"Cyber Park One","Industrial"
"Danville",519,"CP1","DANVILLE PITTSYLVANIA REGIONAL INDUSTRIAL FACILITY AUTHORITY","SLAYTON AVE",19.3,173300,173300,NA,"Cyber Park One","Industrial"
"Danville",191,"CP1","DANVILLE PITTSYLVANIA REGIONAL INDUSTRIAL FACILITY AUTHORITY","RIVERPOINT DR",27.96,274800,274800,0,"Cyber Park One","Industrial"
"Danville",13,"LEDI","INDUSTRIAL DEVELOPMENT AUTHORITY OF DANVILLE VIRGINIA","DANVILLE EXPY",28.28,25400,25400,NA,"Light Economic Development","Industrial"
"Danville",8,"TR","INDUSTRIAL DEVELOPMENT AUTHORITY OF DANVILLE VIRGINIA","CORNING DR",30.4899999999999,29200,29200,NA,"Threshold Residential","Residential"
"Danville",14,"TR","INDUSTRIAL DEVELOPMENT AUTHORITY OF DANVILLE VIRGINIA","DANVILLE EXPY",32.0499999999999,30200,30200,NA,"Threshold Residential","Residential"
"Danville",196,"LEDI","DANVILLE PITTSYLVANIA REGIONAL INDUSTRIAL FACILITY AUTHORITY","STINSON DR",39.43,274600,274600,0,"Light Economic Development","Industrial"
"Danville",104,"LEDI","INDUSTRIAL DEVELOPMENT AUTHORITY OF DANVILLE VIRGINIA","STINSON DR",49.4799999999999,215800,215800,0,"Light Economic Development","Industrial"
"Danville",165,"LEDI","INDUSTRIAL DEVELOPMENT AUTHORITY OF DANVILLE VIRGINIA","AIRSIDE DR",50.68,313600,313600,0,"Light Economic Development","Industrial"
"Danville",72,"OTR","CITY OF DANVILLE (OLD LAND FILL)","JONES XING",59.1,48000,48000,NA,"Old Town Residential","Residential"
"Danville",481,"LEDI","CITY OF DANVILLE VIRGINIA","601 EAGLE SPRINGS RD",61.2899999999999,24800,24800,1890,"Light Economic Development","Industrial"
"Danville",154,"CP1","DANVILLE PITTSYLVANIA REGIONAL INDUSTRIAL FACILITY AUTHORITY","300 STINSON DR",62.8599999999999,366400,366400,0,"Cyber Park One","Industrial"
"Danville",540,"IM","INDUSTRIAL DEVELOPMENT AUTHORITY OF DANVILLE VIRGINIA","GYPSUM RD",158.43,401200,401200,NA,NA,NA
"Henry County",213,"SR","HENRY COUNTY INVESTMENT LLC","0 Unassigned",0.231,600,600,0,"Suburban Residential District","Residential"
"Henry County",209,"SR","HENRY COUNTY INVESTMENT LLC","0 BEAVER RD",0.259,2500,2500,0,"Suburban Residential District","Residential"
"Henry County",231,"B1","HENRY COUNTY BOARD OF SUPERVISORS","0 Unassigned",0.26,1500,1500,0,"General Commercial District","Commercial"
"Henry County",232,"B1","HENRY COUNTY BOARD OF SUPERVISORS","0 Unassigned",0.26,1500,1500,0,"General Commercial District","Commercial"
"Henry County",215,"SR","HENRY COUNTY INVESTMENT LLC","0 Unassigned",0.274,1000,1000,0,"Suburban Residential District","Residential"
"Henry County",219,"SR","HENRY COUNTY INVESTMENT LLC","0 GRAYLEAF CIR",0.31,1500,1500,0,"Suburban Residential District","Residential"
"Henry County",211,"SR","HENRY COUNTY INVESTMENT LLC","0 BEAVER RD",0.322,1600,1600,0,"Suburban Residential District","Residential"
"Henry County",212,"SR","HENRY COUNTY INVESTMENT LLC","0 BEAVER RD",0.322,1600,1600,0,"Suburban Residential District","Residential"
"Henry County",169,"SR","MARTINSVILLE FINANCE & INVESTMENT CORP","0 SOAPSTONE RD",0.45,6500,6500,0,"Suburban Residential District","Residential"
"Henry County",17,"A1","COUNTY OF HENRY","0 KOEHLER RD",0.456,6000,6000,0,"Agricultural District","Agricultural"
"Henry County",18,"A1","COUNTY OF HENRY","0 KOEHLER RD",0.476,6000,6000,0,"Agricultural District","Agricultural"
"Henry County",319,"B1","COUNTY OF HENRY","0 Unassigned",0.49,6000,6000,0,"General Commercial District","Commercial"
"Henry County",119,"SR","MARTINSVILLE FINANCE & INVESTMENT CORP","0 CAMERON RD",0.516,6000,6000,0,"Suburban Residential District","Residential"
"Henry County",124,"B1","MARTINSVILLE FINANCE & INVESTMENT CORP","0 TENSBURY DR",0.688,29200,29200,0,"General Commercial District","Commercial"
"Henry County",158,"GS","MARTINSVILLE CITY OF","0 WIND DANCER LN",0.764,19100,19100,0,"Government and Special Use District","Government/Special"
"Henry County",216,"SR","HENRY COUNTY INVESTMENT LLC","0 GRAYLEAF CIR",0.806,5000,5000,0,"Suburban Residential District","Residential"
"Henry County",217,"SR","HENRY COUNTY INVESTMENT LLC","0 GRAYLEAF CIR",0.806,5000,5000,0,"Suburban Residential District","Residential"
"Henry County",316,"A1","HENRY COUNTY BOARD OF","0 Unassigned",0.86,3000,3000,0,"Agricultural District","Agricultural"
"Henry County",210,"SR","HENRY COUNTY INVESTMENT LLC","0 BEAVER RD",0.99,600,600,0,"Suburban Residential District","Residential"
"Henry County",1,"SR","COUNTY OF HENRY","1325 SPRUCE ST",1,3000,3000,0,"Suburban Residential District","Residential"
"Henry County",133,"A1","HENRY COUNTY BOARD OF","0 EGGLESTON FALLS RD",1,6500,6500,0,"Agricultural District","Agricultural"
"Henry County",84,"B1","COUNTY OF HENRY","0 AXTON RD",1.054,14000,14000,0,"General Commercial District","Commercial"
"Henry County",314,"SR","COUNTY OF HENRY","0 BLACKBERRY RD",1.618,15000,15000,0,"Suburban Residential District","Residential"
"Henry County",163,"A1","HENRY COUNTY BOARD OF SUPERVISORS","0 COUNTRY RD",2,12000,12000,0,"Agricultural District","Agricultural"
"Henry County",345,"I1","COUNTY OF HENRY","DUPONT RD",2.285,28600,28600,0,"Industrial District","Industrial"
"Henry County",110,"B1","MARTINSVILLE HENRY COUNTY","0 Unassigned",3.752,206800,206800,0,"General Commercial District","Commercial"
"Henry County",304,"B1","MARTINSVILLE HENRY COUNTY","0 Unassigned",3.752,206800,206800,0,"General Commercial District","Commercial"
"Henry County",178,"GS","HENRY COUNTY BOARD OF SUPERVISORS","0 FAIRYSTONE PARK HWY",3.917,105300,105300,0,"Government and Special Use District","Government/Special"
"Henry County",180,"A1","HENRY COUNTY BOARD OF SUPERVISORS","0 CAMPBELL CT",4.78,19100,19100,0,"Agricultural District","Agricultural"
"Henry County",4,"A1","COUNTY OF HENRY","1021 IRISBURG RD",4.95,22300,22300,0,"Agricultural District","Agricultural"
"Henry County",5,"A1","COUNTY OF HENRY","1021 IRISBURG RD",4.95,22300,22300,0,"Agricultural District","Agricultural"
"Henry County",164,"A1","HENRY COUNTY BOARD OF","0 COUNTRY RD",5,7500,7500,0,"Agricultural District","Agricultural"
"Henry County",313,"A1","HENRY COUNTY","0 IRISBURG RD",5,30000,30000,0,"Agricultural District","Agricultural"
"Henry County",35,"GS","COUNTY OF HENRY","0 JACK DALTON RD",5.305,10600,10600,0,"Government and Special Use District","Government/Special"
"Henry County",129,"A1","COUNTY OF HENRY","0 Unassigned",6.312,10100,10100,0,"Agricultural District","Agricultural"
"Henry County",67,"A1","MARTINSVILLE CITY OF","0 REDSKIN DR",8.75,65600,65600,0,"Agricultural District","Agricultural"
"Henry County",13,"B1","HENRY COUNTY INVESTMENT LLC","1530 VIRGINIA AVE",10.205,576000,576000,0,"General Commercial District","Commercial"
"Henry County",307,"I1","HENRY COUNTY INDUSTRIAL","0 Unassigned",10.5,179000,179000,0,"Industrial District","Industrial"
"Henry County",237,"I1","COUNTY OF HENRY","0 COLLEGE DR",12.189,69500,69500,0,"Industrial District","Industrial"
"Henry County",339,"I1","COUNTY OF HENRY","DUPONT RD",12.731,25500,25500,0,"Industrial District","Industrial"
"Henry County",96,"SR","MARTINSVILLE FINANCE & INVESTMENT CORP","0 CAMERON RD",13,20400,20400,0,"Suburban Residential District","Residential"
"Henry County",98,"SR","MARTINSVILLE FINANCE & INVESTMENT CORP","0 CAMERON RD",13,20400,20400,0,"Suburban Residential District","Residential"
"Henry County",99,"SR","MARTINSVILLE FINANCE & INVESTMENT CORP","0 CAMERON RD",13,20400,20400,0,"Suburban Residential District","Residential"
"Henry County",333,"A1SR","COUNTY OF HENRY","0 SPRUCE ST",15.6039999999999,39000,39000,0,NA,NA
"Henry County",340,"A1","COUNTY OF HENRY","0 Unassigned",16.2079999999999,16200,16200,0,"Agricultural District","Agricultural"
"Henry County",341,"A1","COUNTY OF HENRY","0 Unassigned",16.2079999999999,16200,16200,0,"Agricultural District","Agricultural"
"Henry County",44,"SR","COUNTY OF HENRY","280 LAUREL PARK AVE",16.302,48900,48900,0,"Suburban Residential District","Residential"
"Henry County",167,"A1","MARTINSVILLE FINANCE & INVESTMENT","0 SOAPSTONE RD",17.6039999999999,54000,54000,0,"Agricultural District","Agricultural"
"Henry County",153,"SR","MARTINSVILLE FINANCE & INVESTMENT CORP","0 BLACK FEATHER TR",18.3,29300,29300,0,"Suburban Residential District","Residential"
"Henry County",154,"SR","MARTINSVILLE FINANCE & INVESTMENT CORP","0 BLACK FEATHER TR",18.3,29300,29300,0,"Suburban Residential District","Residential"
"Henry County",83,"A1","MARTINSVILLE FINANCE & INVESTMENT CORP","0 WILSON AVE",19,30400,30400,0,"Agricultural District","Agricultural"
"Henry County",346,"I1","COUNTY OF HENRY","DUPONT RD",19.367,38700,38700,0,"Industrial District","Industrial"
"Henry County",334,"A1SR","COUNTY OF HENRY",NA,19.643,58900,58900,0,NA,NA
"Henry County",65,"GS","HENRY COUNTY BOARD OF","0 Unassigned",20.149,100700,100700,0,"Government and Special Use District","Government/Special"
"Henry County",302,"I1","COUNTY OF HENRY","DUPONT RD",21.558,345100,345100,0,"Industrial District","Industrial"
"Henry County",53,"SR","MARTINSVILLE FINANCE & INVESTMENT","0 CAMERON RD",26,36400,36400,0,"Suburban Residential District","Residential"
"Henry County",97,"SR","MARTINSVILLE FINANCE & INVESTMENT","0 CAMERON RD",26,36400,36400,0,"Suburban Residential District","Residential"
"Henry County",336,"I1","COUNTY OF HENRY","0 Unassigned",30.097,60200,60200,0,"Industrial District","Industrial"
"Henry County",337,"I1","COUNTY OF HENRY","0 Unassigned",30.097,60200,60200,0,"Industrial District","Industrial"
"Henry County",338,"I1","COUNTY OF HENRY","0 Unassigned",30.097,60200,60200,0,"Industrial District","Industrial"
"Henry County",141,"SR","MARTINSVILLE CITY OF","0 CLEARVIEW DR",31.835,44600,44600,0,"Suburban Residential District","Residential"
"Henry County",28,"A1","HENRY COUNTY BOARD OF","0 JOHN BAKER RD",31.844,38200,38200,0,"Agricultural District","Agricultural"
"Henry County",27,"A1","HENRY COUNTY BOARD OF","0 HARDIN RD",37,44400,44400,0,"Agricultural District","Agricultural"
"Henry County",3,"A1","MARTINSVILLE FINANCE & INVESTMENT CORP","0 FINLEY DR",44.843,98700,98700,0,"Agricultural District","Agricultural"
"Henry County",66,"GS","HENRY COUNTY BOARD OF","0 Unassigned",49.942,1e+05,1e+05,0,"Government and Special Use District","Government/Special"
"Henry County",131,"A1","MARTINSVILLE FINANCE & INVESTMENT CORP","0 Unassigned",63,75600,75600,0,"Agricultural District","Agricultural"
"Henry County",16,"A1","MARTINSVILLE FINANCE & INVESTMENT CORP","0 CAMERON RD",67.284,154800,154800,0,"Agricultural District","Agricultural"
"Henry County",327,"A1","HENRY COUNTY BOARD OF SUPERVISORS","0 EGGLESTON FALLS RD",72.027,108000,108000,0,"Agricultural District","Agricultural"
"Henry County",241,"A1","HENRY COUNTY BOARD OF SUPERVISORS","0 Unassigned",175.598,439000,439000,0,"Agricultural District","Agricultural"
"Henry County",310,"A1","HENRY COUNTY BOARD OF SUPERVISORS","0 Unassigned",175.598,439000,439000,0,"Agricultural District","Agricultural"
"Henry County",311,"A1","HENRY COUNTY BOARD OF SUPERVISORS","0 Unassigned",175.598,439000,439000,0,"Agricultural District","Agricultural"
"Henry County",40,"I1","HENRY COUNTY INDUSTRIAL DEVELOPMENT AUTHORITY","BEAVER CREEK DR",499.759999999999,1749200,1749200,0,"Industrial District","Industrial"
"Henry County",295,"I1","HENRY COUNTY INDUSTRIAL DEVELOPMENT AUTHORITY","BEAVER CREEK DR",499.759999999999,1749200,1749200,0,"Industrial District","Industrial"
"Henry County",315,"I1","HENRY COUNTY INDUSTRIAL DEVELOPMENT AUTHORITY","BEAVER CREEK DR",499.759999999999,1749200,1749200,0,"Industrial District","Industrial"
"Henry County",348,"I1","HENRY COUNTY INDUSTRIAL DEVELOPMENT AUTHORITY","BEAVER CREEK DR",499.759999999999,1749200,1749200,0,"Industrial District","Industrial"
"Martinsville",130,"R-C","MARTINSVILLE HOME BUILDERS INC","806 LOT FIRST ST",0.248,1100,1100,NA,"City Residential District","Residential"
"Martinsville",131,"R-C","MARTINSVILLE HOME BUILDERS INC","808 LOT FIRST ST",0.248,1100,1100,NA,"City Residential District","Residential"
"Martinsville",132,"R-C","MARTINSVILLE HOME BUILDERS INC","810 LOT FIRST ST",0.248,1100,1100,NA,"City Residential District","Residential"
"Martinsville",214,"R-C","MARTINSVILLE HOME BUILDERS INC","502 LOT FIRST ST",0.248,1100,1100,NA,"City Residential District","Residential"
"Martinsville",220,"C-N","MARTINSVILLE REDEVELOPMENT & HOUSING AUT","740 LOT W FAYETTE ST",0.279,6000,6000,NA,"Neighborhood Commercial District","Commercial"
"Martinsville",227,"C-N","MARTINSVILLE REDEVELOPMENT & HOUSING AUT","740 LOT W FAYETTE ST",0.279,6000,6000,NA,"Neighborhood Commercial District","Commercial"
"Martinsville",228,"C-N","MARTINSVILLE REDEVELOPMENT & HOUSING AUT","740 LOT W FAYETTE ST",0.279,6000,6000,NA,"Neighborhood Commercial District","Commercial"
"Martinsville",229,"C-N","MARTINSVILLE REDEVELOPMENT & HOUSING AUT","740 LOT W FAYETTE ST",0.279,6000,6000,NA,"Neighborhood Commercial District","Commercial"
"Martinsville",49,"R-C","MARTINSVILLE REDEVELOPMENT & HOUSING AUT","309 LOT SECOND ST",0.289,8000,8000,NA,"City Residential District","Residential"
"Martinsville",221,"C-N","MARTINSVILLE REDEVELOPMENT & HOUSING AUT","744 LOT W FAYETTE ST",0.289,6000,6000,NA,"Neighborhood Commercial District","Commercial"
"Martinsville",235,"C-N","MARTINSVILLE REDEVELOPMENT & HOUSING AUT","744 LOT W FAYETTE ST",0.289,6000,6000,NA,"Neighborhood Commercial District","Commercial"
"Martinsville",48,"R-C","MARTINSVILLE REDEVELOPMENT & HOUSING AUT","201 LOT SECOND ST",0.331,8000,8000,NA,"City Residential District","Residential"
"Martinsville",3,"C-C","CITY OF MARTINSVILLE","801 LOT YORK ST",0.337,4000,4000,NA,"Corridor Commercial District","Commercial"
"Martinsville",4,"C-C","CITY OF MARTINSVILLE","801 LOT YORK ST",0.337,4000,4000,NA,"Corridor Commercial District","Commercial"
"Martinsville",238,"R-N","MARTINSVILLE CITY OF","1125 LOT PINE HALL RD",0.357,3000,3000,NA,"Neighborhood Residential District","Residential"
"Martinsville",253,"R-N","MARTINSVILLE CITY OF","LOT LOT PINE ST EXT",0.361,1600,1600,NA,"Neighborhood Residential District","Residential"
"Martinsville",124,"ED-I","CITY OF MARTINSVILLE","110 LOT WINGFIELD ST",0.432,6000,6000,NA,"Economic Development District-Intensive","Economic Development"
"Martinsville",208,"C-C","CITY OF MARTINSVILLE MRHA","614 LOT W CHURCH ST",0.446,38900,38900,NA,"Corridor Commercial District","Commercial"
"Martinsville",11,"R-C","MARTINSVILLE HOME BLDRS INC","1016 LOT W FAYETTE ST",0.45,6000,6000,NA,"City Residential District","Residential"
"Martinsville",142,"ED-I","MARTINSVILLE CITY OF","R/W R/W FISHEL ST",0.46,200,200,NA,"Economic Development District-Intensive","Economic Development"
"Martinsville",217,"C-N","MARTINSVILLE REDEVELOPMENT & HOUSING AUT","732 LOT W FAYETTE ST",0.478,12000,12000,NA,"Neighborhood Commercial District","Commercial"
"Martinsville",218,"C-N","MARTINSVILLE REDEVELOPMENT & HOUSING AUT","732 LOT W FAYETTE ST",0.478,12000,12000,NA,"Neighborhood Commercial District","Commercial"
"Martinsville",219,"C-N","MARTINSVILLE REDEVELOPMENT & HOUSING AUT","732 LOT W FAYETTE ST",0.478,12000,12000,NA,"Neighborhood Commercial District","Commercial"
"Martinsville",224,"C-N","MARTINSVILLE REDEVELOPMENT & HOUSING AUT","732 LOT W FAYETTE ST",0.478,12000,12000,NA,"Neighborhood Commercial District","Commercial"
"Martinsville",225,"C-N","MARTINSVILLE REDEVELOPMENT & HOUSING AUT","732 LOT W FAYETTE ST",0.478,12000,12000,NA,"Neighborhood Commercial District","Commercial"
"Martinsville",230,"C-N","MARTINSVILLE REDEVELOPMENT & HOUSING AUT","732 LOT W FAYETTE ST",0.478,12000,12000,NA,"Neighborhood Commercial District","Commercial"
"Martinsville",231,"C-N","MARTINSVILLE REDEVELOPMENT & HOUSING AUT","732 LOT W FAYETTE ST",0.478,12000,12000,NA,"Neighborhood Commercial District","Commercial"
"Martinsville",232,"C-N","MARTINSVILLE REDEVELOPMENT & HOUSING AUT","732 LOT W FAYETTE ST",0.478,12000,12000,NA,"Neighborhood Commercial District","Commercial"
"Martinsville",35,"ED-I","MARTINSVILLE CITY OF","452 LOT E COMMONWEALTH BLVD",0.498,3900,3900,NA,"Economic Development District-Intensive","Economic Development"
"Martinsville",36,"ED-I","MARTINSVILLE CITY OF","452 LOT E COMMONWEALTH BLVD",0.498,3900,3900,NA,"Economic Development District-Intensive","Economic Development"
"Martinsville",243,"ED-I","MARTINSVILLE CITY OF","452 LOT E COMMONWEALTH BLVD",0.498,3900,3900,NA,"Economic Development District-Intensive","Economic Development"
"Martinsville",266,"ED-I","MARTINSVILLE CITY OF","452 LOT E COMMONWEALTH BLVD",0.498,3900,3900,NA,"Economic Development District-Intensive","Economic Development"
"Martinsville",105,"R-C","MARTINSVILLE HOME BUILDERS INC","1001 LOT SECOND ST",0.502,2200,2200,NA,"City Residential District","Residential"
"Martinsville",215,"R-C","MARTINSVILLE HOME BUILDERS INC","1001 LOT SECOND ST",0.502,2200,2200,NA,"City Residential District","Residential"
"Martinsville",216,"R-C","MARTINSVILLE HOME BUILDERS INC","1001 LOT SECOND ST",0.502,2200,2200,NA,"City Residential District","Residential"
"Martinsville",150,"R-T","MARTINSVILLE CITY OF","18 LOT CLEVELAND AVE",0.539,61100,61100,NA,"Residential Transitional District","Residential"
"Martinsville",151,"R-T","MARTINSVILLE CITY OF","18 LOT CLEVELAND AVE",0.539,61100,61100,NA,"Residential Transitional District","Residential"
"Martinsville",47,"C-C","CITY OF MARTINSVILLE","214 LOT W CHURCH ST",0.572,34800,34800,NA,"Corridor Commercial District","Commercial"
"Martinsville",52,"R-E","MARTINSVILLE LAND BANK AUTHORITY","1019 LOT MORNINGSIDE LN",0.67,20000,20000,NA,"Estate Residential District","Residential"
"Martinsville",74,"R-C","MARTINSVILLE CITY OF","401 LOT CLIFT ST",1.488,10000,10000,NA,"City Residential District","Residential"
"Martinsville",75,"R-C","MARTINSVILLE CITY OF","401 LOT CLIFT ST",1.488,10000,10000,NA,"City Residential District","Residential"
"Martinsville",76,"R-C","MARTINSVILLE CITY OF","401 LOT CLIFT ST",1.488,10000,10000,NA,"City Residential District","Residential"
"Martinsville",78,"R-C","MARTINSVILLE CITY OF","401 LOT CLIFT ST",1.488,10000,10000,NA,"City Residential District","Residential"
"Martinsville",79,"R-C","MARTINSVILLE CITY OF","401 LOT CLIFT ST",1.488,10000,10000,NA,"City Residential District","Residential"
"Martinsville",80,"R-C","MARTINSVILLE CITY OF","401 LOT CLIFT ST",1.488,10000,10000,NA,"City Residential District","Residential"
"Martinsville",81,"R-C","MARTINSVILLE CITY OF","401 LOT CLIFT ST",1.488,10000,10000,NA,"City Residential District","Residential"
"Martinsville",82,"R-C","MARTINSVILLE CITY OF","401 LOT CLIFT ST",1.488,10000,10000,NA,"City Residential District","Residential"
"Martinsville",58,"R-C","MARTINSVILLE CITY OF","125 LOT VILLAGE ST",1.555,6000,6000,NA,"City Residential District","Residential"
"Martinsville",30,"R-N","MARTINSVILLE CITY OF","716 LOT BARROWS MILL RD",1.81,13400,13400,NA,"Neighborhood Residential District","Residential"
"Martinsville",62,"R-C","MARTINSVILLE CITY OF","2001 LOT SMITH LAKE RD",2.636,4000,4000,NA,"City Residential District","Residential"
"Martinsville",97,"R-C","MARTINSVILLE CITY OF","2000 LOT SMITH LAKE RD",3.3,5000,5000,NA,"City Residential District","Residential"
"Martinsville",68,"R-C","MARTINSVILLE CITY OF","2050 LOT SMITH LAKE RD",3.92,5900,5900,NA,"City Residential District","Residential"
"Martinsville",277,"ED-G","MARTINSVILLE REDEVELOPMENT & HOUSING AUT","2 LOT PROGRESS DR",4.236,53600,53600,NA,"Economic Development District-General","Economic Development"
"Martinsville",59,"R-N","MARTINSVILLE CITY OF","1138 LOT RIVES RD EXT",6.628,13300,13300,NA,"Neighborhood Residential District","Residential"
"Martinsville",276,"ED-G","MARTINSVILLE REDEVELOPMENT & HOUSING AUT","10 LOT PROGRESS DR",14.83,22200,22200,NA,"Economic Development District-General","Economic Development"
"Martinsville",15,"R-C","MARTINSVILLE REDEVELOPMENT & HOUSING AUT","603 LOT ARMSTEAD AVE",18.75,28100,28100,NA,"City Residential District","Residential"
"Pittsylvania County",1,"M-2","DANVILLE-PITTSYLVANIA REGIONAL INDUSTRIAL FACILITY AUTHORITY","6900 BERRY HILL RD",586.91,2054200,2054200,NA,"Industrial District, Heavy Industry","Industrial"
"Pittsylvania County",2,"M-2","DANVILLE-PITTSYLVANIA REGIONAL INDUSTRIAL FACILITY AUTHORITY",NA,140,490000,490000,NA,"Industrial District, Heavy Industry","Industrial"
"Pittsylvania County",3,"M-2","DANVILLE-PITTSYLVANIA REGIONAL INDUSTRIAL FACILITY AUTHORITY",NA,99.94,349800,349800,NA,"Industrial District, Heavy Industry","Industrial"
"Pittsylvania County",4,"M-2","DANVILLE-PITTSYLVANIA REGIONAL INDUSTRIAL FACILITY AUTHORITY","5197 BERRY HILL RD",520,1300000,1300000,NA,"Industrial District, Heavy Industry","Industrial"
"Pittsylvania County",5,"M-2","DANVILLE-PITTSYLVANIA REGIONAL INDUSTRIAL FACILITY AUTHORITY",NA,58.1,232400,232400,NA,"Industrial District, Heavy Industry","Industrial"
"Pittsylvania County",6,"M-1","PITTSYLVANIA COUNTY VA",NA,1.39,13900,13900,NA,"Industrial District, Light Industry","Industrial"
"Pittsylvania County",7,"A-1","DANVILLE-PITTSYLVANIA REGIONAL INDUSTRIAL FACILITY AUTHORITY",NA,74.61,182200,182200,NA,"Agricultural District","Agricultural"
"Pittsylvania County",8,"A-1","DANVILLE-PITTSYLVANIA REGIONAL INDUSTRIAL FACILITY AUTHORITY",NA,20.6,41200,41200,NA,"Agricultural District","Agricultural"
"Pittsylvania County",9,"A-1","DANVILLE REDEVELOPMENT AND HOUSING AUTHORITY",NA,0.69,9000,9000,NA,"Agricultural District","Agricultural"
"Pittsylvania County",10,"A-1","DANVILLE REDEVELOPMENT AND HOUSING AUTHORITY",NA,0.73,9000,9000,NA,"Agricultural District","Agricultural"
"Pittsylvania County",11,"A-1","DANVILLE REDEVELOPMENT AND HOUSING AUTHORITY",NA,0.72,9000,9000,NA,"Agricultural District","Agricultural"
"Pittsylvania County",12,"A-1","DANVILLE REDEVELOPMENT AND HOUSING AUTHORITY",NA,5,22000,22000,NA,"Agricultural District","Agricultural"
"Pittsylvania County",13,"A-1","DANVILLE REDEVELOPMENT AND HOUSING AUTHORITY",NA,3.81,17000,17000,NA,"Agricultural District","Agricultural"
"Pittsylvania County",14,"A-1","DANVILLE REDEVELOPMENT AND HOUSING AUTHORITY",NA,5.02,20100,20100,NA,"Agricultural District","Agricultural"
"Pittsylvania County",16,"M-1","DANVILLE-PITTSYLVANIA REGIONAL INDUSTRIAL FACILITY AUTHORITY",NA,84.66,296300,296300,NA,"Industrial District, Light Industry","Industrial"
"Pittsylvania County",17,"M-1","DANVILLE PITTSYLVANIA REGIONAL INDUSTRIAL FACILITY",NA,1.36,20400,20400,NA,"Industrial District, Light Industry","Industrial"
"Pittsylvania County",18,"M-1","PITTSYLVANIA COUNTY VA",NA,16.88,135000,135000,NA,"Industrial District, Light Industry","Industrial"
"Pittsylvania County",19,"M-1","PITTSYLVANIA COUNTY VA",NA,10.72,85800,85800,NA,"Industrial District, Light Industry","Industrial"
"Pittsylvania County",20,"M-1","DANVILLE PITTSYLVANIA REGIONAL INDUSTRIAL FACILITY","2450 TOM FORK RD",30.56,305600,305600,NA,"Industrial District, Light Industry","Industrial"
"Pittsylvania County",21,"M-1","DANVILLE-PITTSYLVANIA REGIONAL INDUSTRIAL FACILITY AUTHORITY","2471 TOM FORK RD",105.6,1056000,1056000,NA,"Industrial District, Light Industry","Industrial"
"Pittsylvania County",22,"M-1","DANVILLE PITTSYLVANIA REGIONAL INDUSTRIAL FACILITY",NA,1.01,1000,1000,NA,"Industrial District, Light Industry","Industrial"
"Pittsylvania County",23,"M-1","DANVILLE PITTSYLVANIA REGIONAL INDUSTRIAL FACILITY","347 CANE CREEK PKWY",24.78,247800,247800,NA,"Industrial District, Light Industry","Industrial"
"Pittsylvania County",24,"M-1","DANVILLE PITTSYLVANIA REGIONAL INDUSTRIAL FACILITY",NA,9.82,147300,147300,NA,"Industrial District, Light Industry","Industrial"
"Pittsylvania County",25,"M-1","DANVILLE-PITTSYLVANIA REGIONAL INDUSTRIAL FACILITY AUTHORITY",NA,9.67,145100,145100,NA,"Industrial District, Light Industry","Industrial"
"Pittsylvania County",29,"M-1","DANVILLE-PITTSYLVANIA REGIONAL INDUSTRIAL FACILITY AUTHORITY",NA,69.94,419600,419600,NA,"Industrial District, Light Industry","Industrial"
"Pittsylvania County",30,"M-1","DANVILLE-PITTSYLVANIA REGIONAL INDUSTRIAL FACILITY AUTHORITY",NA,67.61,540900,540900,NA,"Industrial District, Light Industry","Industrial"
"Pittsylvania County",31,"M-1","DANVILLE-PITTSYLVANIA REGIONAL INDUSTRIAL FACILITY AUTHORITY","1175 CANE CREEK PKWY",35.23,352300,352300,NA,"Industrial District, Light Industry","Industrial"
"Pittsylvania County",32,"M-2","PITTSYLVANIA COUNTY VA",NA,60.97,53900,53900,NA,"Industrial District, Heavy Industry","Industrial"
"Pittsylvania County",33,"M-1","PITTSYLVANIA COUNTY SERVICE AUTHORITY",NA,0.52,0,0,NA,"Industrial District, Light Industry","Industrial"
"Pittsylvania County",34,"M-2","PITTSYLVANIA COUNTY BOARD OF SUPERVISORS",NA,7.35,21400,21400,NA,"Industrial District, Heavy Industry","Industrial"
"Pittsylvania County",42,NA,NA,NA,NA,NA,NA,NA,NA,NA
"Pittsylvania County",43,"M-1","INDUSTRIAL DEV AUTH PITTS CO",NA,17.34,86700,86700,NA,"Industrial District, Light Industry","Industrial"
"Pittsylvania County",44,"M-1","INDUSTRIAL DEV AUTH PITTS CO",NA,7.11,77900,77900,NA,"Industrial District, Light Industry","Industrial"
"Pittsylvania County",45,"M-1","INDUSTRIAL DEV AUTH PITTS CO",NA,1.76,10000,10000,NA,"Industrial District, Light Industry","Industrial"
"Pittsylvania County",46,"M-2","INDUSTRIAL DEV AUTH PITTS CO",NA,36.5,182500,182500,NA,"Industrial District, Heavy Industry","Industrial"
"Pittsylvania County",47,"M-1","INDUSTRIAL DEV AUTH PITTS CO","1449 KENTUCK RD",66.51,248000,248000,NA,"Industrial District, Light Industry","Industrial"
"Pittsylvania County",48,"M-1","INDUSTRIAL DEVELOPMENT AUTHORITY OF DANVILLE VA",NA,49.12,122800,122800,NA,"Industrial District, Light Industry","Industrial"
"Pittsylvania County",49,"M-2","INDUSTRIAL DEV AUTH OF PITTS CO VA","1597 BARKER RD",50.7,507000,507000,NA,"Industrial District, Heavy Industry","Industrial"
"Pittsylvania County",50,"M-1","INDUSTRIAL DEV AUTH OF PITTS CO VA",NA,2.64,26400,26400,NA,"Industrial District, Light Industry","Industrial"
"Pittsylvania County",51,"M-1","INDUSTRIAL DEV AUTH OF PITTS CO",NA,0.5,10000,10000,NA,"Industrial District, Light Industry","Industrial"
"Pittsylvania County",52,"M-1","INDUSTRIAL DEV AUTH OF PITTS CO",NA,18.39,137900,137900,NA,"Industrial District, Light Industry","Industrial"
"Pittsylvania County",53,"DZ","INDUSTRIAL DEVELOPMENT AUTHORITY OF DANVILLE VA",NA,1,20000,20000,NA,"Unknown/Other","Other"
"Patrick County",7,NA,"COUNTY OF PATRICK","BALL PARK ROAD",0.25,1500,1500,NA,"No Zoning","Unzoned"
"Patrick County",9,NA,"COUNTY OF PATRICK","MOUNTAIN VIEW LP",0.3,4300,4300,NA,"No Zoning","Unzoned"
"Patrick County",41,NA,"COUNTY OF PATRICK","SPRING ROAD",0.3473,2800,2800,NA,"No Zoning","Unzoned"
"Patrick County",48,NA,"COUNTY OF PATRICK",NA,0.42,1500,1500,NA,"No Zoning","Unzoned"
"Patrick County",14,NA,"COUNTY OF PATRICK",NA,0.6488,20800,20800,NA,"No Zoning","Unzoned"
"Patrick County",50,NA,"COUNTY OF PATRICK","SALEM HWY",0.769,2800,2800,NA,"No Zoning","Unzoned"
"Patrick County",55,NA,"COUNTY OF PATRICK","RYE COVE STREET",0.871,11800,11800,NA,"No Zoning","Unzoned"
"Patrick County",24,NA,"COUNTY OF PATRICK VIRGINIA",NA,1,8800,8800,NA,"No Zoning","Unzoned"
"Patrick County",54,NA,"PATRICK COUNTY AGRICULTURAL","WOODLAND DR",1,4500,4500,NA,"No Zoning","Unzoned"
"Patrick County",39,NA,"COUNTY OF PATRICK","MOUNTAIN VIEW LP",1.32,13700,13700,NA,"No Zoning","Unzoned"
"Patrick County",10,NA,"COUNTY OF PATRICK","SALEM HWY",1.606,5800,5800,NA,"No Zoning","Unzoned"
"Patrick County",20,NA,"COUNTY OF PATRICK",NA,1.7804,24000,24000,NA,"No Zoning","Unzoned"
"Patrick County",17,NA,"COUNTY OF PATRICK","SALEM HWY",2.073,7500,7500,NA,"No Zoning","Unzoned"
"Patrick County",57,NA,"COUNTY OF PATRICK","MOUNTAIN VIEW LP",2.51,13600,13600,NA,"No Zoning","Unzoned"
"Patrick County",40,NA,"COUNTY OF PATRICK","COMMERCE STREET",2.647,7100,7100,NA,"No Zoning","Unzoned"
"Patrick County",6,NA,"PATRICK COUNTY VIRGINIA","CAMPBELL FARM LOOP",3.0825,13900,13900,NA,"No Zoning","Unzoned"
"Patrick County",46,NA,"COUNTY OF PATRICK","SALEM HWY",3.254,11700,11700,NA,"No Zoning","Unzoned"
"Patrick County",52,NA,"COUNTY OF PATRICK VIRGINIA","NEW HOPE CHURCH RD",3.686,16600,16600,NA,"No Zoning","Unzoned"
"Patrick County",59,NA,"COUNTY OF PATRICK","SALEM HWY",5.873,21100,21100,NA,"No Zoning","Unzoned"
"Patrick County",5,NA,"PATRICK COUNTY VIRGINIA","JEB STUART HWY",6.287,34000,34000,NA,"No Zoning","Unzoned"
"Patrick County",43,NA,"COUNTY OF PATRICK","COMMERCE STREET",6.821,18400,18400,NA,"No Zoning","Unzoned"
"Patrick County",36,NA,"PATRICK COUNTY VIRGINIA","JEB STUART HWY",9.74,52600,52600,NA,"No Zoning","Unzoned"
"Patrick County",58,NA,"PATRICK COUNTY AGRICULTURAL","WOODLAND DRIVE",11.59,52200,52200,NA,"No Zoning","Unzoned"
"Patrick County",34,NA,"PATRICK COUNTY VIRGINIA","COMMERCE STREET",16.3364,88200,88200,NA,"No Zoning","Unzoned"
"Patrick County",4,NA,"VIRGINIA PROPERTY 3 LLC",NA,41.8819999999999,201000,201000,NA,"No Zoning","Unzoned"
"Patrick County",19,NA,"PATRICK COUNTY AGRICULTURAL","WOODLAND DR",47.9099999999999,129400,129400,NA,"No Zoning","Unzoned"
"Patrick County",21,NA,"VIRGINIA PROPERTY 2 LLC",NA,50.649,216900,216900,NA,"No Zoning","Unzoned"
"Patrick County",60,NA,"PATRICK COUNTY",NA,55.679,155900,155900,NA,"No Zoning","Unzoned"
"Patrick County",37,NA,"PATRICK COUNTY",NA,87.322,244500,244500,NA,"No Zoning","Unzoned"
"Patrick County",8,NA,"VIRGINIA PROPERTY 1 LLC","BENT RD",137.003999999999,378600,378600,NA,"No Zoning","Unzoned"
"Franklin County",39,"NZ","COUNTY OF FRANKLIN",NA,0.249,5000,5000,NA,"Not Zoned","Unzoned"
"Franklin County",83,"NZ","COUNTY OF FRANKLIN",NA,0.249,5000,5000,NA,"Not Zoned","Unzoned"
"Franklin County",58,"NZ","COUNTY OF FRANKLIN","37 ALUMINE RD",0.287,5000,5000,NA,"Not Zoned","Unzoned"
"Franklin County",120,"NZ","COUNTY OF FRANKLIN","37 ALUMINE RD",0.287,5000,5000,NA,"Not Zoned","Unzoned"
"Franklin County",11,"NZ","TOWN OF BOONES MILL",NA,0.306,12000,12000,NA,"Not Zoned","Unzoned"
"Franklin County",12,"GB","TOWN OF ROCKY MOUNT","1250 NORTH MAIN ST",0.318,74800,74800,NA,"Business District, General","Commercial"
"Franklin County",21,"NZ","TOWN OF BOONES MILL",NA,0.348,12000,12000,NA,"Not Zoned","Unzoned"
"Franklin County",17,"A1","TOWN OF ROCKY MOUNT",NA,0.377,1000,1000,NA,"Agricultural District","Agricultural"
"Franklin County",34,"NZ","COUNTY OF FRANKLIN",NA,0.379,4000,4000,NA,"Not Zoned","Unzoned"
"Franklin County",72,"NZ","COUNTY OF FRANKLIN",NA,0.379,4000,4000,NA,"Not Zoned","Unzoned"
"Franklin County",22,"R2","TOWN OF ROCKY MOUNT",NA,0.39,10000,10000,NA,"Residential Suburban Subdivision District R-2","Residential"
"Franklin County",41,"GB","COUNTY OF FRANKLIN",NA,0.462,60400,60400,NA,"Business District, General","Commercial"
"Franklin County",88,"GB","COUNTY OF FRANKLIN",NA,0.462,60400,60400,NA,"Business District, General","Commercial"
"Franklin County",23,"A1","TOWN OF ROCKY MOUNT","1207 MUSE FIELD RD",0.578,8700,8700,NA,"Agricultural District","Agricultural"
"Franklin County",66,"NZ","COUNTY OF FRANKLIN","2139 VIRGIL H GOODE HWY",0.744,3700,3700,NA,"Not Zoned","Unzoned"
"Franklin County",144,"NZ","COUNTY OF FRANKLIN","2139 VIRGIL H GOODE HWY",0.744,3700,3700,NA,"Not Zoned","Unzoned"
"Franklin County",35,"NZ","COUNTY OF FRANKLIN",NA,0.91,27300,27300,NA,"Not Zoned","Unzoned"
"Franklin County",76,"NZ","COUNTY OF FRANKLIN",NA,0.91,27300,27300,NA,"Not Zoned","Unzoned"
"Franklin County",25,"NZ","FRANKLIN COUNTY","805 GRASSY HILL RD",0.915,20000,20000,NA,"Not Zoned","Unzoned"
"Franklin County",8,"NZ","FRANKLIN COUNTY BOARD OF SUPERVISORS",NA,0.96,3800,3800,NA,"Not Zoned","Unzoned"
"Franklin County",70,"SM","COUNTY OF FRANKLIN & TOWN OF ROCKY MOUNT",NA,0.987,28000,28000,NA,"Smith Mountain","Overlay/Special"
"Franklin County",156,"SM","COUNTY OF FRANKLIN & TOWN OF ROCKY MOUNT",NA,0.987,28000,28000,NA,"Smith Mountain","Overlay/Special"
"Franklin County",57,"A1","COUNTY OF FRANKLIN",NA,1,90000,90000,NA,"Agricultural District","Agricultural"
"Franklin County",117,"A1","COUNTY OF FRANKLIN",NA,1,90000,90000,NA,"Agricultural District","Agricultural"
"Franklin County",14,"GB","TOWN OF ROCKY MOUNT",NA,1.064,40000,40000,NA,"Business District, General","Commercial"
"Franklin County",32,"A1","FRANKLIN COUNTY BOARD OF SUPERVISORS",NA,1.489,10400,10400,NA,"Agricultural District","Agricultural"
"Franklin County",42,"NZ","COUNTY OF FRANKLIN","10884 FRANKLIN ST",1.5,31300,31300,NA,"Not Zoned","Unzoned"
"Franklin County",89,"NZ","COUNTY OF FRANKLIN","10884 FRANKLIN ST",1.5,31300,31300,NA,"Not Zoned","Unzoned"
"Franklin County",63,"REP","COUNTY OF FRANKLIN",NA,1.546,77300,77300,NA,"Regional Enterprise Park District","Industrial"
"Franklin County",137,"REP","COUNTY OF FRANKLIN",NA,1.546,77300,77300,NA,"Regional Enterprise Park District","Industrial"
"Franklin County",51,"NZ","COUNTY OF FRANKLIN",NA,1.593,47800,47800,NA,"Not Zoned","Unzoned"
"Franklin County",110,"NZ","COUNTY OF FRANKLIN",NA,1.593,47800,47800,NA,"Not Zoned","Unzoned"
"Franklin County",28,"A1","TOWN OF ROCKY MOUNT",NA,1.624,4900,4900,NA,"Agricultural District","Agricultural"
"Franklin County",59,"A1","COUNTY OF FRANKLIN <THE>",NA,1.83,9200,9200,NA,"Agricultural District","Agricultural"
"Franklin County",121,"A1","COUNTY OF FRANKLIN <THE>",NA,1.83,9200,9200,NA,"Agricultural District","Agricultural"
"Franklin County",31,"A1","FRANKLIN COUNTY BOARD OF SUPERVISORS",NA,2,6e+05,6e+05,NA,"Agricultural District","Agricultural"
"Franklin County",49,"A1","COUNTY OF FRANKLIN",NA,2.17,119400,119400,NA,"Agricultural District","Agricultural"
"Franklin County",99,"A1","COUNTY OF FRANKLIN",NA,2.17,119400,119400,NA,"Agricultural District","Agricultural"
"Franklin County",60,"NZ","COUNTY OF FRANKLIN",NA,2.223,66700,66700,NA,"Not Zoned","Unzoned"
"Franklin County",125,"NZ","COUNTY OF FRANKLIN",NA,2.223,66700,66700,NA,"Not Zoned","Unzoned"
"Franklin County",53,"A1","COUNTY OF FRANKLIN <THE>",NA,2.24,11200,11200,NA,"Agricultural District","Agricultural"
"Franklin County",112,"A1","COUNTY OF FRANKLIN <THE>",NA,2.24,11200,11200,NA,"Agricultural District","Agricultural"
"Franklin County",55,"A1","COUNTY OF FRANKLIN <THE>",NA,2.32,11600,11600,NA,"Agricultural District","Agricultural"
"Franklin County",115,"A1","COUNTY OF FRANKLIN <THE>",NA,2.32,11600,11600,NA,"Agricultural District","Agricultural"
"Franklin County",54,"A1","COUNTY OF FRANKLIN <THE>",NA,2.5,12500,12500,NA,"Agricultural District","Agricultural"
"Franklin County",114,"A1","COUNTY OF FRANKLIN <THE>",NA,2.5,12500,12500,NA,"Agricultural District","Agricultural"
"Franklin County",62,"NZ","COUNTY OF FRANKLIN","110 OLD CHAPEL RD",2.8155,20400,20400,NA,"Not Zoned","Unzoned"
"Franklin County",135,"NZ","COUNTY OF FRANKLIN","110 OLD CHAPEL RD",2.8155,20400,20400,NA,"Not Zoned","Unzoned"
"Franklin County",52,"NZ","COUNTY OF FRANKLIN","376 COMMERCE RD",3.188,61900,61900,NA,"Not Zoned","Unzoned"
"Franklin County",111,"NZ","COUNTY OF FRANKLIN","376 COMMERCE RD",3.188,61900,61900,NA,"Not Zoned","Unzoned"
"Franklin County",48,"M2","COUNTY OF FRANKLIN & TOWN OF ROCKY MOUNT",NA,3.306,79300,79300,NA,"Industrial District, Heavy Industry","Industrial"
"Franklin County",98,"M2","COUNTY OF FRANKLIN & TOWN OF ROCKY MOUNT",NA,3.306,79300,79300,NA,"Industrial District, Heavy Industry","Industrial"
"Franklin County",36,"NZ","COUNTY OF FRANKLIN",NA,3.432,6900,6900,NA,"Not Zoned","Unzoned"
"Franklin County",78,"NZ","COUNTY OF FRANKLIN",NA,3.432,6900,6900,NA,"Not Zoned","Unzoned"
"Franklin County",65,"POS","COUNTY OF FRANKLIN & TOWN OF ROCKY MOUNT",NA,3.764,150600,150600,NA,"Parks/Open Space","Parks/Open Space"
"Franklin County",143,"POS","COUNTY OF FRANKLIN & TOWN OF ROCKY MOUNT",NA,3.764,150600,150600,NA,"Parks/Open Space","Parks/Open Space"
"Franklin County",56,"NZ","COUNTY OF FRANKLIN","3279 DEYERLE KNOB RD",6.764,56200,56200,NA,"Not Zoned","Unzoned"
"Franklin County",116,"NZ","COUNTY OF FRANKLIN","3279 DEYERLE KNOB RD",6.764,56200,56200,NA,"Not Zoned","Unzoned"
"Franklin County",64,"REP","COUNTY OF FRANKLIN",NA,10.1,202000,202000,NA,"Regional Enterprise Park District","Industrial"
"Franklin County",139,"REP","COUNTY OF FRANKLIN",NA,10.1,202000,202000,NA,"Regional Enterprise Park District","Industrial"
"Franklin County",9,"NZ","TOWN OF BOONES MILL ECONOMIC DEVELOPMENT CORPORATION",NA,10.22,10200,10200,NA,"Not Zoned","Unzoned"
"Franklin County",47,"A1","COUNTY OF FRANKLIN",NA,10.47,86800,86800,NA,"Agricultural District","Agricultural"
"Franklin County",97,"A1","COUNTY OF FRANKLIN",NA,10.47,86800,86800,NA,"Agricultural District","Agricultural"
"Franklin County",44,"A1","COUNTY OF FRANKLIN <THE>","721 COOPERS COVE RD",11.13,55700,55700,NA,"Agricultural District","Agricultural"
"Franklin County",92,"A1","COUNTY OF FRANKLIN <THE>","721 COOPERS COVE RD",11.13,55700,55700,NA,"Agricultural District","Agricultural"
"Franklin County",61,"A1","COUNTY OF FRANKLIN",NA,11.19,22400,22400,NA,"Agricultural District","Agricultural"
"Franklin County",129,"A1","COUNTY OF FRANKLIN",NA,11.19,22400,22400,NA,"Agricultural District","Agricultural"
"Franklin County",50,"M2","COUNTY OF FRANKLIN & TOWN OF ROCKY MOUNT",NA,13.159,296100,296100,NA,"Industrial District, Heavy Industry","Industrial"
"Franklin County",100,"M2","COUNTY OF FRANKLIN & TOWN OF ROCKY MOUNT",NA,13.159,296100,296100,NA,"Industrial District, Heavy Industry","Industrial"
"Franklin County",40,"NZ","COUNTY OF FRANKLIN","89 CORPORATE DR",13.516,193100,193100,NA,"Not Zoned","Unzoned"
"Franklin County",86,"NZ","COUNTY OF FRANKLIN","89 CORPORATE DR",13.516,193100,193100,NA,"Not Zoned","Unzoned"
"Franklin County",2,"C1","TOWN OF ROCKY MOUNT",NA,18.4729999999999,138500,138500,NA,"Residential Combined Subdivision District","Residential"
"Franklin County",24,"PCD","FRANKLIN COUNTY",NA,19.003,266000,266000,NA,"Planned Commercial Development","Commercial"
"Franklin County",29,"A1","TOWN OF ROCKY MOUNT",NA,19.193,57600,57600,NA,"Agricultural District","Agricultural"
"Franklin County",1,"NZ","FRANKLIN COUNTY","120 GEORGETOWN RD",20.6849999999999,74100,74100,NA,"Not Zoned","Unzoned"
"Franklin County",68,"REP","COUNTY OF FRANKLIN",NA,30,750000,750000,NA,"Regional Enterprise Park District","Industrial"
"Franklin County",152,"REP","COUNTY OF FRANKLIN",NA,30,750000,750000,NA,"Regional Enterprise Park District","Industrial"
"Franklin County",46,"NZ","COUNTY OF FRANKLIN",NA,40,154500,154500,NA,"Not Zoned","Unzoned"
"Franklin County",96,"NZ","COUNTY OF FRANKLIN",NA,40,154500,154500,NA,"Not Zoned","Unzoned"
"Franklin County",69,"NZ","COUNTY OF FRANKLIN",NA,82.665,222200,222200,NA,"Not Zoned","Unzoned"
"Franklin County",155,"NZ","COUNTY OF FRANKLIN",NA,82.665,222200,222200,NA,"Not Zoned","Unzoned"
"Franklin County",67,"NZ","COUNTY OF FRANKLIN",NA,133.75,283500,283500,NA,"Not Zoned","Unzoned"
"Franklin County",151,"NZ","COUNTY OF FRANKLIN",NA,133.75,283500,283500,NA,"Not Zoned","Unzoned"
